<?xml version="1.0" encoding="UTF-8"?>
<faceted-project>
  <runtime name="GlassFish 3.1"/>
  <fixed facet="jst.web"/>
  <fixed facet="com.vaadin.integration.eclipse.core"/>
  <fixed facet="wst.jsdt.web"/>
  <fixed facet="java"/>
  <installed facet="jst.web" version="3.0"/>
  <installed facet="com.vaadin.integration.eclipse.core" version="7.0"/>
  <installed facet="glassfish.web" version="3.1"/>
  <installed facet="wst.jsdt.web" version="1.0"/>
  <installed facet="java" version="1.8"/>
</faceted-project>
